analyze,CAnalyzer3.java,125,133,analyze,CSharpAnalyzer.java,232,240,1.000000
analyze,CAnalyzer3.java,125,133,analyze,Java8analyzer.java,154,162,1.000000
analyze,CAnalyzer3.java,125,133,analyze,JavaAnalyzer3.java,147,155,1.000000
analyze,CAnalyzer4.java,48,60,analyze,CSharpAnalyzer.java,69,81,0.995242
analyze,CAnalyzer4.java,48,60,analyze,Java8analyzer.java,74,86,0.995242
analyze,CAnalyzer4.java,48,60,analyze,JavaAnalyzer3.java,65,77,0.995242
analyze,CAnalyzer4.java,48,60,analyze,JavaAnalyzer4.java,48,61,0.916587
analyze,CAnalyzer4.java,94,158,analyze,JavaAnalyzer4.java,82,143,0.955333
analyze,CAnalyzer4.java,228,241,analyze,JavaAnalyzer4.java,184,197,1.000000
analyze,CAnalyzer4.java,252,353,analyze,JavaAnalyzer4.java,208,308,0.966277
analyze,CSharpAnalyzer.java,69,81,analyze,Java8analyzer.java,74,86,1.000000
analyze,CSharpAnalyzer.java,69,81,analyze,JavaAnalyzer3.java,65,77,1.000000
analyze,CSharpAnalyzer.java,69,81,analyze,JavaAnalyzer4.java,48,61,0.904923
analyze,CSharpAnalyzer.java,232,240,analyze,Java8analyzer.java,154,162,1.000000
analyze,CSharpAnalyzer.java,232,240,analyze,JavaAnalyzer3.java,147,155,1.000000
analyze,CSharpAnalyzer.java,257,270,analyze,JavaAnalyzer3.java,173,184,0.949779
analyze,Java8analyzer.java,74,86,analyze,JavaAnalyzer3.java,65,77,1.000000
analyze,Java8analyzer.java,74,86,analyze,JavaAnalyzer4.java,48,61,0.904923
analyze,Java8analyzer.java,95,143,analyze,JavaAnalyzer3.java,86,136,0.921522
analyze,Java8analyzer.java,154,162,analyze,JavaAnalyzer3.java,147,155,1.000000
analyze,Java8analyzer.java,203,260,analyze,JavaAnalyzer3.java,196,249,0.976364
analyze,JavaAnalyzer3.java,65,77,analyze,JavaAnalyzer4.java,48,61,0.904923
icvolti,CloneJudgement.java,231,235,icvolti,CloneJudgement.java,265,269,1.000000
C,CParser.java,427,478,C,CParser.java,1692,1743,0.960321
C,CParser.java,427,478,C,CParser.java,1770,1821,0.958612
C,CParser.java,427,478,C,CParser.java,3136,3185,0.962718
C,CParser.java,427,478,C,CParser.java,3386,3437,0.963610
C,CParser.java,427,478,C,CParser.java,7275,7326,0.963350
C,CParser.java,427,478,C,CParser.java,7506,7555,0.966008
C,CParser.java,427,478,CPP14,CPP14Parser.java,3453,3504,0.966378
C,CParser.java,427,478,CPP14,CPP14Parser.java,3531,3582,0.966378
C,CParser.java,427,478,CPP14,CPP14Parser.java,8571,8620,0.967114
C,CParser.java,427,478,Java8,Java8Parser.java,2012,2063,0.959502
C,CParser.java,427,478,Java8,Java8Parser.java,15707,15758,0.953957
C,CParser.java,427,478,Java8,Java8Parser.java,15785,15836,0.957336
C,CParser.java,427,478,Java8,Java8Parser.java,15863,15914,0.955642
C,CParser.java,427,478,Java8,Java8Parser.java,15941,15992,0.959893
C,CParser.java,427,478,Java8,Java8Parser.java,16019,16070,0.963335
C,CParser.java,427,478,SimpleC,SimpleCParser.java,202,251,0.966112
C,CParser.java,501,566,CPP14,CPP14Parser.java,6442,6510,0.938986
C,CParser.java,837,888,C,CParser.java,5509,5569,0.911130
C,CParser.java,837,888,C,CParser.java,6733,6782,0.962718
C,CParser.java,837,888,CPP14,CPP14Parser.java,10853,10904,0.967701
C,CParser.java,1176,1257,CPP14,CPP14Parser.java,2934,3015,0.971634
C,CParser.java,1284,1353,C,CParser.java,1380,1449,0.983147
C,CParser.java,1284,1353,C,CParser.java,1596,1665,0.982102
C,CParser.java,1284,1353,CPP14,CPP14Parser.java,2838,2907,0.966576
C,CParser.java,1284,1353,CPP14,CPP14Parser.java,3042,3111,0.975878
C,CParser.java,1284,1353,CPP14,CPP14Parser.java,3141,3210,0.970313
C,CParser.java,1284,1353,CPP14,CPP14Parser.java,3357,3426,0.968036
C,CParser.java,1284,1353,Java8,Java8Parser.java,16097,16166,0.983351
C,CParser.java,1380,1449,C,CParser.java,1596,1665,0.978341
C,CParser.java,1380,1449,CPP14,CPP14Parser.java,2838,2907,0.963432
C,CParser.java,1380,1449,CPP14,CPP14Parser.java,3042,3111,0.965303
C,CParser.java,1380,1449,CPP14,CPP14Parser.java,3141,3210,0.975980
C,CParser.java,1380,1449,CPP14,CPP14Parser.java,3357,3426,0.964887
C,CParser.java,1380,1449,Java8,Java8Parser.java,16097,16166,0.980152
C,CParser.java,1476,1569,CPP14,CPP14Parser.java,3237,3330,0.971105
C,CParser.java,1596,1665,CPP14,CPP14Parser.java,2838,2907,0.966027
C,CParser.java,1596,1665,CPP14,CPP14Parser.java,3042,3111,0.967903
C,CParser.java,1596,1665,CPP14,CPP14Parser.java,3141,3210,0.967193
C,CParser.java,1596,1665,CPP14,CPP14Parser.java,3357,3426,0.975760
C,CParser.java,1596,1665,Java8,Java8Parser.java,16097,16166,0.995593
C,CParser.java,1692,1743,C,CParser.java,1770,1821,0.981739
C,CParser.java,1692,1743,C,CParser.java,3136,3185,0.956426
C,CParser.java,1692,1743,C,CParser.java,3386,3437,0.956917
C,CParser.java,1692,1743,C,CParser.java,7275,7326,0.979869
C,CParser.java,1692,1743,C,CParser.java,7506,7555,0.966869
C,CParser.java,1692,1743,CPP14,CPP14Parser.java,3453,3504,0.976670
C,CParser.java,1692,1743,CPP14,CPP14Parser.java,3531,3582,0.970832
C,CParser.java,1692,1743,CPP14,CPP14Parser.java,8571,8620,0.967977
C,CParser.java,1692,1743,Java8,Java8Parser.java,2012,2063,0.960358
C,CParser.java,1692,1743,Java8,Java8Parser.java,15707,15758,0.977858
C,CParser.java,1692,1743,Java8,Java8Parser.java,15785,15836,0.987994
C,CParser.java,1692,1743,Java8,Java8Parser.java,15863,15914,0.974257
C,CParser.java,1692,1743,Java8,Java8Parser.java,15941,15992,0.983051
C,CParser.java,1692,1743,Java8,Java8Parser.java,16019,16070,0.994633
C,CParser.java,1770,1821,C,CParser.java,3136,3185,0.954723
C,CParser.java,1770,1821,C,CParser.java,3386,3437,0.955214
C,CParser.java,1770,1821,C,CParser.java,7275,7326,0.978125
C,CParser.java,1770,1821,C,CParser.java,7506,7555,0.965148
C,CParser.java,1770,1821,CPP14,CPP14Parser.java,3453,3504,0.968207
C,CParser.java,1770,1821,CPP14,CPP14Parser.java,3531,3582,0.973138
C,CParser.java,1770,1821,CPP14,CPP14Parser.java,8571,8620,0.966254
C,CParser.java,1770,1821,Java8,Java8Parser.java,2012,2063,0.965763
C,CParser.java,1770,1821,Java8,Java8Parser.java,15707,15758,0.981428
C,CParser.java,1770,1821,Java8,Java8Parser.java,15785,15836,0.982239
C,CParser.java,1770,1821,Java8,Java8Parser.java,15863,15914,0.986707
C,CParser.java,1770,1821,Java8,Java8Parser.java,15941,15992,0.995103
C,CParser.java,1770,1821,Java8,Java8Parser.java,16019,16070,0.983926
C,CParser.java,1848,1899,C,CParser.java,1926,1977,0.973426
C,CParser.java,1848,1899,CPP14,CPP14Parser.java,3609,3660,0.968958
C,CParser.java,1848,1899,Java8,Java8Parser.java,1879,1930,0.958745
C,CParser.java,1926,1977,CPP14,CPP14Parser.java,3609,3660,0.963294
C,CParser.java,1926,1977,CPP14,CPP14Parser.java,3687,3738,0.972446
C,CParser.java,1926,1977,Java8,Java8Parser.java,1879,1930,0.960642
C,CParser.java,2081,2116,CPP14,CPP14Parser.java,3842,3882,0.920721
C,CParser.java,2081,2116,Java8,Java8Parser.java,15640,15680,0.972343
C,CParser.java,2146,2189,CPP14,CPP14Parser.java,3914,3957,0.924738
C,CParser.java,2146,2189,CPP14,CPP14Parser.java,6874,6920,0.912892
C,CParser.java,2146,2189,Java8,Java8Parser.java,8053,8092,0.914063
C,CParser.java,2261,2312,C,CParser.java,3386,3437,0.958217
C,CParser.java,2261,2312,C,CParser.java,7275,7326,0.988358
C,CParser.java,2261,2312,C,CParser.java,7506,7555,0.967733
C,CParser.java,2261,2312,CPP14,CPP14Parser.java,3453,3504,0.968104
C,CParser.java,2261,2312,CPP14,CPP14Parser.java,3531,3582,0.968104
C,CParser.java,2261,2312,Java8,Java8Parser.java,2012,2063,0.961216
C,CParser.java,2261,2312,Java8,Java8Parser.java,15785,15836,0.980417
C,CParser.java,2261,2312,SimpleC,SimpleCParser.java,202,251,0.967838
C,CParser.java,2332,2351,CPP14,CPP14Parser.java,13470,13491,0.902433
C,CParser.java,2332,2351,Java8,Java8Parser.java,8235,8256,0.904993
C,CParser.java,2332,2351,Java8,Java8Parser.java,16751,16772,0.938392
C,CParser.java,2332,2351,SimpleC,SimpleCParser.java,271,290,0.911306
C,CParser.java,2506,2544,Java8,Java8Parser.java,8391,8429,0.929463
C,CParser.java,2506,2544,Java8,Java8Parser.java,14940,14976,0.944504
C,CParser.java,2730,2766,CPP14,CPP14Parser.java,7811,7843,0.926230
C,CParser.java,2730,2766,CPP14,CPP14Parser.java,11317,11353,0.909848
C,CParser.java,2783,2811,Java8,Java8Parser.java,309,337,0.900468
C,CParser.java,3081,3109,CPP14,CPP14Parser.java,10106,10134,0.952390
C,CParser.java,3136,3185,C,CParser.java,3386,3437,0.975323
C,CParser.java,3136,3185,C,CParser.java,7275,7326,0.958997
C,CParser.java,3136,3185,C,CParser.java,7506,7555,0.968835
C,CParser.java,3136,3185,CPP14,CPP14Parser.java,3453,3504,0.962457
C,CParser.java,3136,3185,CPP14,CPP14Parser.java,3531,3582,0.962457
C,CParser.java,3136,3185,CPP14,CPP14Parser.java,8571,8620,0.964509
C,CParser.java,3136,3185,Java8,Java8Parser.java,2012,2063,0.954723
C,CParser.java,3136,3185,Java8,Java8Parser.java,15707,15758,0.950088
C,CParser.java,3136,3185,Java8,Java8Parser.java,15785,15836,0.953452
C,CParser.java,3136,3185,Java8,Java8Parser.java,15863,15914,0.951765
C,CParser.java,3136,3185,Java8,Java8Parser.java,15941,15992,0.955999
C,CParser.java,3136,3185,Java8,Java8Parser.java,16019,16070,0.959427
C,CParser.java,3386,3437,C,CParser.java,7275,7326,0.959935
C,CParser.java,3386,3437,C,CParser.java,7506,7555,0.962584
C,CParser.java,3386,3437,CPP14,CPP14Parser.java,3453,3504,0.962952
C,CParser.java,3386,3437,CPP14,CPP14Parser.java,3531,3582,0.962952
C,CParser.java,3386,3437,CPP14,CPP14Parser.java,8571,8620,0.963686
C,CParser.java,3386,3437,Java8,Java8Parser.java,2012,2063,0.956101
C,CParser.java,3386,3437,Java8,Java8Parser.java,15707,15758,0.950576
C,CParser.java,3386,3437,Java8,Java8Parser.java,15785,15836,0.953942
C,CParser.java,3386,3437,Java8,Java8Parser.java,15863,15914,0.952255
C,CParser.java,3386,3437,Java8,Java8Parser.java,15941,15992,0.956491
C,CParser.java,3386,3437,Java8,Java8Parser.java,16019,16070,0.959921
C,CParser.java,3386,3437,SimpleC,SimpleCParser.java,202,251,0.962688
C,CParser.java,3703,3739,CPP14,CPP14Parser.java,9821,9852,0.915852
C,CParser.java,3838,3866,CPP14,CPP14Parser.java,11965,11993,0.945247
C,CParser.java,3838,3866,Java8,Java8Parser.java,503,531,0.977696
C,CParser.java,3969,4013,CPP14,CPP14Parser.java,6942,6986,0.952097
C,CParser.java,5095,5144,CPP14,CPP14Parser.java,3609,3660,0.962457
C,CParser.java,5095,5144,CPP14,CPP14Parser.java,3687,3738,0.961806
C,CParser.java,5095,5144,CPP14,CPP14Parser.java,7549,7600,0.963328
C,CParser.java,5095,5144,CPP14,CPP14Parser.java,9315,9366,0.963328
C,CParser.java,5095,5144,Java8,Java8Parser.java,1879,1930,0.961589
C,CParser.java,5164,5200,CPP14,CPP14Parser.java,434,466,0.900562
C,CParser.java,5164,5200,CPP14,CPP14Parser.java,3842,3882,0.905911
C,CParser.java,5164,5200,Java8,Java8Parser.java,1694,1726,0.908778
C,CParser.java,5307,5351,CPP14,CPP14Parser.java,3842,3882,0.902558
C,CParser.java,5376,5427,C,CParser.java,6198,6247,0.973174
C,CParser.java,5509,5569,CPP14,CPP14Parser.java,3609,3660,0.919883
C,CParser.java,5509,5569,CPP14,CPP14Parser.java,10853,10904,0.918524
C,CParser.java,5937,5956,CPP14,CPP14Parser.java,7501,7522,0.918993
C,CParser.java,5937,5956,CPP14,CPP14Parser.java,13075,13096,0.918993
C,CParser.java,6058,6130,CPP14,CPP14Parser.java,1025,1096,0.957559
C,CParser.java,6150,6171,CPP14,CPP14Parser.java,7133,7152,0.913845
C,CParser.java,6150,6171,CPP14,CPP14Parser.java,7769,7788,0.913845
C,CParser.java,6150,6171,CPP14,CPP14Parser.java,8146,8165,0.913845
C,CParser.java,6150,6171,CPP14,CPP14Parser.java,14115,14134,0.913845
C,CParser.java,6150,6171,Java,JavaParser.java,5636,5657,0.900129
C,CParser.java,6150,6171,Java8,Java8Parser.java,2138,2157,0.916593
C,CParser.java,6150,6171,Java8,Java8Parser.java,6949,6970,0.908619
C,CParser.java,6150,6171,Java8,Java8Parser.java,10426,10445,0.913845
C,CParser.java,6913,6975,CPP14,CPP14Parser.java,4690,4757,0.946557
C,CParser.java,6913,6975,CPP14,CPP14Parser.java,8709,8774,0.907172
C,CParser.java,7214,7248,Java8,Java8Parser.java,10086,10118,0.917591
C,CParser.java,7275,7326,C,CParser.java,7506,7555,0.969468
C,CParser.java,7275,7326,CPP14,CPP14Parser.java,3453,3504,0.969840
C,CParser.java,7275,7326,CPP14,CPP14Parser.java,3531,3582,0.969840
C,CParser.java,7275,7326,CPP14,CPP14Parser.java,8571,8620,0.970579
C,CParser.java,7275,7326,Java8,Java8Parser.java,2012,2063,0.962939
C,CParser.java,7275,7326,Java8,Java8Parser.java,15707,15758,0.973376
C,CParser.java,7275,7326,Java8,Java8Parser.java,15785,15836,0.976823
C,CParser.java,7275,7326,Java8,Java8Parser.java,15863,15914,0.975095
C,CParser.java,7275,7326,Java8,Java8Parser.java,15941,15992,0.979432
C,CParser.java,7275,7326,Java8,Java8Parser.java,16019,16070,0.982944
C,CParser.java,7275,7326,SimpleC,SimpleCParser.java,202,251,0.969573
C,CParser.java,7506,7555,CPP14,CPP14Parser.java,3453,3504,0.972967
C,CParser.java,7506,7555,CPP14,CPP14Parser.java,3531,3582,0.972967
C,CParser.java,7506,7555,CPP14,CPP14Parser.java,8571,8620,0.975041
C,CParser.java,7506,7555,Java8,Java8Parser.java,2012,2063,0.965148
C,CParser.java,7506,7555,Java8,Java8Parser.java,15707,15758,0.960462
C,CParser.java,7506,7555,Java8,Java8Parser.java,15785,15836,0.963863
C,CParser.java,7506,7555,Java8,Java8Parser.java,15863,15914,0.962158
C,CParser.java,7506,7555,Java8,Java8Parser.java,15941,15992,0.966438
C,CParser.java,7506,7555,Java8,Java8Parser.java,16019,16070,0.969904
C,CParser.java,7506,7555,SimpleC,SimpleCParser.java,202,251,0.994090
CPP14,CPP14MyParser.java,91,103,CPP14,CPP14MyParser2.java,72,84,1.000000
CPP14,CPP14MyParser.java,111,127,CPP14,CPP14MyParser2.java,92,108,1.000000
CPP14,CPP14MyParser.java,129,146,CPP14,CPP14MyParser2.java,110,127,0.995927
CPP14,CPP14MyParser.java,148,177,CPP14,CPP14MyParser.java,179,206,0.947493
CPP14,CPP14MyParser.java,148,177,CPP14,CPP14MyParser2.java,129,158,1.000000
CPP14,CPP14MyParser.java,148,177,CPP14,CPP14MyParser2.java,160,187,0.947493
CPP14,CPP14MyParser.java,179,206,CPP14,CPP14MyParser2.java,129,158,0.947493
CPP14,CPP14MyParser.java,179,206,CPP14,CPP14MyParser2.java,160,187,1.000000
CPP14,CPP14MyParser.java,208,217,CPP14,CPP14MyParser2.java,189,198,1.000000
CPP14,CPP14MyParser.java,219,226,CPP14,CPP14MyParser2.java,200,207,1.000000
CPP14,CPP14MyParser.java,232,239,CPP14,CPP14MyParser2.java,213,220,1.000000
CPP14,CPP14MyParser.java,241,252,CPP14,CPP14MyParser2.java,222,233,1.000000
CPP14,CPP14MyParser.java,254,265,CPP14,CPP14MyParser2.java,235,246,1.000000
CPP14,CPP14MyParser.java,267,284,CPP14,CPP14MyParser2.java,248,265,1.000000
CPP14,CPP14MyParser2.java,129,158,CPP14,CPP14MyParser2.java,160,187,0.947493
CPP14,CPP14Parser.java,434,466,CPP14,CPP14Parser.java,13119,13148,0.928354
CPP14,CPP14Parser.java,434,466,CPP14,CPP14Parser.java,14807,14836,0.926665
CPP14,CPP14Parser.java,434,466,CSharp,CSharpParser.java,4441,4477,0.922313
CPP14,CPP14Parser.java,434,466,Java,JavaParser.java,8006,8040,0.900651
CPP14,CPP14Parser.java,434,466,Java8,Java8Parser.java,1694,1726,0.945950
CPP14,CPP14Parser.java,434,466,Java8,Java8Parser.java,3901,3933,0.921447
CPP14,CPP14Parser.java,502,573,Java,JavaParser.java,644,720,0.939138
CPP14,CPP14Parser.java,502,573,Java8,Java8Parser.java,3554,3630,0.941962
CPP14,CPP14Parser.java,803,835,Java8,Java8Parser.java,1138,1172,0.943859
CPP14,CPP14Parser.java,910,953,CPP14,CPP14Parser.java,6374,6413,0.937813
CPP14,CPP14Parser.java,910,953,CPP14,CPP14Parser.java,6536,6580,0.922331
CPP14,CPP14Parser.java,910,953,CPP14,CPP14Parser.java,7438,7481,0.923792
CPP14,CPP14Parser.java,910,953,CPP14,CPP14Parser.java,13512,13550,0.910977
CPP14,CPP14Parser.java,910,953,Java8,Java8Parser.java,5058,5101,0.901351
CPP14,CPP14Parser.java,1119,1151,CPP14,CPP14Parser.java,7811,7843,0.952817
CPP14,CPP14Parser.java,1119,1151,CPP14,CPP14Parser.java,7866,7898,0.951368
CPP14,CPP14Parser.java,1119,1151,CPP14,CPP14Parser.java,13119,13148,0.932577
CPP14,CPP14Parser.java,1119,1151,CSharp,CSharpParser.java,10909,10943,0.905216
CPP14,CPP14Parser.java,1119,1151,Java,JavaParser.java,741,775,0.920284
CPP14,CPP14Parser.java,1119,1151,Java,JavaParser.java,6116,6148,0.947060
CPP14,CPP14Parser.java,1119,1151,Java,JavaParser.java,7952,7986,0.919662
CPP14,CPP14Parser.java,1119,1151,Java8,Java8Parser.java,2084,2120,0.918797
CPP14,CPP14Parser.java,1119,1151,Java8,Java8Parser.java,5668,5702,0.920284
CPP14,CPP14Parser.java,1119,1151,Java8,Java8Parser.java,10374,10406,0.945637
CPP14,CPP14Parser.java,1119,1151,Java8,Java8Parser.java,15102,15134,0.933111
CPP14,CPP14Parser.java,1234,1274,CPP14,CPP14Parser.java,7623,7659,0.902929
CPP14,CPP14Parser.java,1234,1274,Java8,Java8Parser.java,1951,1987,0.908527
CPP14,CPP14Parser.java,1304,1368,Java8,Java8Parser.java,9646,9699,0.907296
CPP14,CPP14Parser.java,1839,1926,Java,JavaParser.java,7243,7339,0.905863
CPP14,CPP14Parser.java,2289,2312,CPP14,CPP14Parser.java,2722,2747,0.920552
CPP14,CPP14Parser.java,2289,2312,CPP14,CPP14Parser.java,9028,9051,0.908211
CPP14,CPP14Parser.java,2289,2312,CPP14,CPP14Parser.java,9108,9131,0.929293
CPP14,CPP14Parser.java,2289,2312,CPP14,CPP14Parser.java,13470,13491,0.902750
CPP14,CPP14Parser.java,2289,2312,Java8,Java8Parser.java,8235,8256,0.905311
CPP14,CPP14Parser.java,2335,2364,CPP14,CPP14Parser.java,5032,5064,0.932577
CPP14,CPP14Parser.java,2335,2364,CPP14,CPP14Parser.java,13171,13200,0.931463
CPP14,CPP14Parser.java,2572,2619,CPP14,CPP14Parser.java,13347,13396,0.993163
CPP14,CPP14Parser.java,2722,2747,CPP14,CPP14Parser.java,9028,9051,0.901082
CPP14,CPP14Parser.java,2722,2747,CPP14,CPP14Parser.java,9108,9131,0.925321
CPP14,CPP14Parser.java,2722,2747,Java,JavaParser.java,6242,6265,0.911012
CPP14,CPP14Parser.java,2773,2811,CPP14,CPP14Parser.java,3842,3882,0.919341
CPP14,CPP14Parser.java,2773,2811,CPP14,CPP14Parser.java,11255,11294,0.913590
CPP14,CPP14Parser.java,2773,2811,CSharp,CSharpParser.java,4441,4477,0.915347
CPP14,CPP14Parser.java,2773,2811,Java8,Java8Parser.java,15530,15569,0.912022
CPP14,CPP14Parser.java,2838,2907,CPP14,CPP14Parser.java,3042,3111,0.972290
CPP14,CPP14Parser.java,2838,2907,CPP14,CPP14Parser.java,3141,3210,0.970428
CPP14,CPP14Parser.java,2838,2907,CPP14,CPP14Parser.java,3357,3426,0.970724
CPP14,CPP14Parser.java,2838,2907,Java8,Java8Parser.java,16097,16166,0.967815
CPP14,CPP14Parser.java,3042,3111,CPP14,CPP14Parser.java,3141,3210,0.979200
CPP14,CPP14Parser.java,3042,3111,CPP14,CPP14Parser.java,3357,3426,0.972609
CPP14,CPP14Parser.java,3042,3111,Java8,Java8Parser.java,16097,16166,0.969694
CPP14,CPP14Parser.java,3141,3210,CPP14,CPP14Parser.java,3357,3426,0.973043
CPP14,CPP14Parser.java,3141,3210,Java8,Java8Parser.java,16097,16166,0.968983
CPP14,CPP14Parser.java,3357,3426,Java8,Java8Parser.java,16097,16166,0.976709
CPP14,CPP14Parser.java,3453,3504,CPP14,CPP14Parser.java,3531,3582,0.980569
CPP14,CPP14Parser.java,3453,3504,CPP14,CPP14Parser.java,8571,8620,0.974081
CPP14,CPP14Parser.java,3453,3504,Java8,Java8Parser.java,2012,2063,0.966414
CPP14,CPP14Parser.java,3453,3504,Java8,Java8Parser.java,15707,15758,0.963506
CPP14,CPP14Parser.java,3453,3504,Java8,Java8Parser.java,15785,15836,0.968261
CPP14,CPP14Parser.java,3453,3504,Java8,Java8Parser.java,15863,15914,0.964314
CPP14,CPP14Parser.java,3453,3504,Java8,Java8Parser.java,15941,15992,0.969501
CPP14,CPP14Parser.java,3453,3504,Java8,Java8Parser.java,16019,16070,0.979284
CPP14,CPP14Parser.java,3453,3504,SimpleC,SimpleCParser.java,202,251,0.973072
CPP14,CPP14Parser.java,3531,3582,CPP14,CPP14Parser.java,8571,8620,0.974081
CPP14,CPP14Parser.java,3531,3582,Java8,Java8Parser.java,2012,2063,0.966414
CPP14,CPP14Parser.java,3531,3582,Java8,Java8Parser.java,15707,15758,0.962614
CPP14,CPP14Parser.java,3531,3582,Java8,Java8Parser.java,15785,15836,0.966023
CPP14,CPP14Parser.java,3531,3582,Java8,Java8Parser.java,15863,15914,0.964314
CPP14,CPP14Parser.java,3531,3582,Java8,Java8Parser.java,15941,15992,0.974439
CPP14,CPP14Parser.java,3531,3582,Java8,Java8Parser.java,16019,16070,0.973879
CPP14,CPP14Parser.java,3531,3582,SimpleC,SimpleCParser.java,202,251,0.973072
CPP14,CPP14Parser.java,3609,3660,CPP14,CPP14Parser.java,3687,3738,0.979905
CPP14,CPP14Parser.java,3609,3660,CPP14,CPP14Parser.java,9315,9366,0.974220
CPP14,CPP14Parser.java,3609,3660,CPP14,CPP14Parser.java,10853,10904,0.974220
CPP14,CPP14Parser.java,3609,3660,Java8,Java8Parser.java,1879,1930,0.973364
CPP14,CPP14Parser.java,3687,3738,CPP14,CPP14Parser.java,7549,7600,0.973561
CPP14,CPP14Parser.java,3687,3738,CPP14,CPP14Parser.java,9315,9366,0.973561
CPP14,CPP14Parser.java,3687,3738,CPP14,CPP14Parser.java,10853,10904,0.973561
CPP14,CPP14Parser.java,3687,3738,Java,JavaParser.java,1584,1651,0.912340
CPP14,CPP14Parser.java,3687,3738,Java8,Java8Parser.java,1879,1930,0.972705
CPP14,CPP14Parser.java,3842,3882,CSharp,CSharpParser.java,4441,4477,0.914559
CPP14,CPP14Parser.java,3842,3882,Java8,Java8Parser.java,15640,15680,0.919218
CPP14,CPP14Parser.java,3914,3957,CPP14,CPP14Parser.java,6169,6213,0.928239
CPP14,CPP14Parser.java,3914,3957,CPP14,CPP14Parser.java,6874,6920,0.944730
CPP14,CPP14Parser.java,3914,3957,CPP14,CPP14Parser.java,12925,12967,0.932051
CPP14,CPP14Parser.java,3914,3957,Java8,Java8Parser.java,1201,1246,0.923527
CPP14,CPP14Parser.java,3914,3957,Java8,Java8Parser.java,1951,1987,0.913472
CPP14,CPP14Parser.java,3914,3957,Java8,Java8Parser.java,8053,8092,0.932492
CPP14,CPP14Parser.java,4101,4152,CPP14,CPP14Parser.java,5403,5452,0.974960
CPP14,CPP14Parser.java,4101,4152,CPP14,CPP14Parser.java,10853,10904,0.975775
CPP14,CPP14Parser.java,4792,4862,Java8,Java8Parser.java,5353,5418,0.943903
CPP14,CPP14Parser.java,5032,5064,CPP14,CPP14Parser.java,13171,13200,0.922531
CPP14,CPP14Parser.java,5090,5122,Java8,Java8Parser.java,5557,5593,0.925146
CPP14,CPP14Parser.java,5357,5376,CPP14,CPP14Parser.java,15126,15147,0.905746
CPP14,CPP14Parser.java,5357,5376,Java,JavaParser.java,4697,4716,0.916732
CPP14,CPP14Parser.java,5357,5376,Java8,Java8Parser.java,3171,3192,0.910792
CPP14,CPP14Parser.java,5357,5376,Java8,Java8Parser.java,4515,4534,0.916732
CPP14,CPP14Parser.java,5357,5376,Java8,Java8Parser.java,5722,5741,0.930518
CPP14,CPP14Parser.java,5403,5452,CPP14,CPP14Parser.java,10853,10904,0.974739
CPP14,CPP14Parser.java,5717,5755,CPP14,CPP14Parser.java,7984,8022,0.940031
CPP14,CPP14Parser.java,5717,5755,Java8,Java8Parser.java,1365,1409,0.906806
CPP14,CPP14Parser.java,5717,5755,Java8,Java8Parser.java,5557,5593,0.901966
CPP14,CPP14Parser.java,5963,5982,CPP14,CPP14Parser.java,6329,6348,0.928144
CPP14,CPP14Parser.java,5963,5982,CPP14,CPP14Parser.java,7677,7696,0.928144
CPP14,CPP14Parser.java,5963,5982,CPP14,CPP14Parser.java,12659,12680,0.916408
CPP14,CPP14Parser.java,5963,5982,CPP14,CPP14Parser.java,12987,13006,0.927728
CPP14,CPP14Parser.java,5963,5982,CPP14,CPP14Parser.java,13220,13241,0.921600
CPP14,CPP14Parser.java,5963,5982,CPP14,CPP14Parser.java,14115,14134,0.928144
CPP14,CPP14Parser.java,5963,5982,Java,JavaParser.java,4697,4716,0.913983
CPP14,CPP14Parser.java,5963,5982,Java8,Java8Parser.java,1548,1569,0.918993
CPP14,CPP14Parser.java,5963,5982,Java8,Java8Parser.java,16751,16772,0.903802
CPP14,CPP14Parser.java,6169,6213,CPP14,CPP14Parser.java,6874,6920,0.914572
CPP14,CPP14Parser.java,6169,6213,CPP14,CPP14Parser.java,12925,12967,0.950975
CPP14,CPP14Parser.java,6235,6263,CPP14,CPP14Parser.java,13026,13054,0.964298
CPP14,CPP14Parser.java,6283,6311,CSharp,CSharpParser.java,5725,5764,0.906688
CPP14,CPP14Parser.java,6329,6348,CPP14,CPP14Parser.java,7677,7696,0.934132
CPP14,CPP14Parser.java,6329,6348,CPP14,CPP14Parser.java,12659,12680,0.916408
CPP14,CPP14Parser.java,6329,6348,CPP14,CPP14Parser.java,12987,13006,0.927728
CPP14,CPP14Parser.java,6329,6348,CPP14,CPP14Parser.java,13220,13241,0.921600
CPP14,CPP14Parser.java,6329,6348,CPP14,CPP14Parser.java,14115,14134,0.934132
CPP14,CPP14Parser.java,6329,6348,Java,JavaParser.java,4697,4716,0.913983
CPP14,CPP14Parser.java,6329,6348,Java8,Java8Parser.java,1548,1569,0.918993
CPP14,CPP14Parser.java,6329,6348,Java8,Java8Parser.java,16751,16772,0.903802
CPP14,CPP14Parser.java,6374,6413,CPP14,CPP14Parser.java,7438,7481,0.916736
CPP14,CPP14Parser.java,6374,6413,CPP14,CPP14Parser.java,9447,9483,0.935446
CPP14,CPP14Parser.java,6374,6413,CPP14,CPP14Parser.java,9509,9543,0.934220
CPP14,CPP14Parser.java,6374,6413,CPP14,CPP14Parser.java,14859,14893,0.918046
CPP14,CPP14Parser.java,6374,6413,CSharp,CSharpParser.java,4441,4477,0.920289
CPP14,CPP14Parser.java,6536,6580,Java,JavaParser.java,3927,3977,0.900615
CPP14,CPP14Parser.java,6874,6920,CPP14,CPP14Parser.java,12925,12967,0.925244
CPP14,CPP14Parser.java,6874,6920,Java8,Java8Parser.java,1201,1246,0.912752
CPP14,CPP14Parser.java,7018,7115,Java,JavaParser.java,7044,7116,0.916205
CPP14,CPP14Parser.java,7133,7152,CPP14,CPP14Parser.java,7769,7788,0.934132
CPP14,CPP14Parser.java,7133,7152,CPP14,CPP14Parser.java,8146,8165,0.934132
CPP14,CPP14Parser.java,7133,7152,CPP14,CPP14Parser.java,14115,14134,0.934132
CPP14,CPP14Parser.java,7133,7152,Java,JavaParser.java,5636,5657,0.903839
CPP14,CPP14Parser.java,7133,7152,Java8,Java8Parser.java,1017,1036,0.911306
CPP14,CPP14Parser.java,7133,7152,Java8,Java8Parser.java,2138,2157,0.936941
CPP14,CPP14Parser.java,7133,7152,Java8,Java8Parser.java,6016,6035,0.925853
CPP14,CPP14Parser.java,7133,7152,Java8,Java8Parser.java,6618,6637,0.916683
CPP14,CPP14Parser.java,7133,7152,Java8,Java8Parser.java,6949,6970,0.906282
CPP14,CPP14Parser.java,7133,7152,Java8,Java8Parser.java,10426,10445,0.922156
CPP14,CPP14Parser.java,7260,7347,Java8,Java8Parser.java,768,853,0.969028
CPP14,CPP14Parser.java,7374,7418,CPP14,CPP14Parser.java,8374,8420,0.949367
CPP14,CPP14Parser.java,7374,7418,Java,JavaParser.java,957,1003,0.958394
CPP14,CPP14Parser.java,7374,7418,Java,JavaParser.java,1390,1436,0.946418
CPP14,CPP14Parser.java,7438,7481,CPP14,CPP14Parser.java,13512,13550,0.934263
CPP14,CPP14Parser.java,7501,7522,CPP14,CPP14Parser.java,13075,13096,0.920904
CPP14,CPP14Parser.java,7501,7522,Java8,Java8Parser.java,16792,16813,0.905681
CPP14,CPP14Parser.java,7549,7600,CPP14,CPP14Parser.java,9315,9366,0.975555
CPP14,CPP14Parser.java,7549,7600,Java,JavaParser.java,1584,1651,0.913785
CPP14,CPP14Parser.java,7549,7600,Java8,Java8Parser.java,1879,1930,0.974245
CPP14,CPP14Parser.java,7623,7659,Java8,Java8Parser.java,1951,1987,0.923023
CPP14,CPP14Parser.java,7623,7659,Java8,Java8Parser.java,5281,5315,0.909960
CPP14,CPP14Parser.java,7623,7659,Java8,Java8Parser.java,5616,5648,0.921195
CPP14,CPP14Parser.java,7623,7659,Java8,Java8Parser.java,6717,6749,0.911373
CPP14,CPP14Parser.java,7623,7659,Java8,Java8Parser.java,8053,8092,0.928523
CPP14,CPP14Parser.java,7677,7696,CPP14,CPP14Parser.java,12659,12680,0.916408
CPP14,CPP14Parser.java,7677,7696,CPP14,CPP14Parser.java,12987,13006,0.927728
CPP14,CPP14Parser.java,7677,7696,CPP14,CPP14Parser.java,13220,13241,0.921600
CPP14,CPP14Parser.java,7677,7696,Java,JavaParser.java,4697,4716,0.913983
CPP14,CPP14Parser.java,7677,7696,Java8,Java8Parser.java,1548,1569,0.918993
CPP14,CPP14Parser.java,7677,7696,Java8,Java8Parser.java,3171,3192,0.913845
CPP14,CPP14Parser.java,7677,7696,Java8,Java8Parser.java,5513,5534,0.900598
CPP14,CPP14Parser.java,7719,7751,CPP14,CPP14Parser.java,9509,9543,0.938998
CPP14,CPP14Parser.java,7719,7751,CPP14,CPP14Parser.java,11650,11682,0.949925
CPP14,CPP14Parser.java,7719,7751,CPP14,CPP14Parser.java,14605,14634,0.922531
CPP14,CPP14Parser.java,7719,7751,CPP14,CPP14Parser.java,14859,14893,0.921712
CPP14,CPP14Parser.java,7769,7788,CPP14,CPP14Parser.java,8146,8165,0.934132
CPP14,CPP14Parser.java,7769,7788,CPP14,CPP14Parser.java,14115,14134,0.934132
CPP14,CPP14Parser.java,7769,7788,Java,JavaParser.java,5636,5657,0.903839
CPP14,CPP14Parser.java,7769,7788,Java8,Java8Parser.java,2138,2157,0.936941
CPP14,CPP14Parser.java,7769,7788,Java8,Java8Parser.java,10426,10445,0.922156
CPP14,CPP14Parser.java,7811,7843,CPP14,CPP14Parser.java,7866,7898,0.961949
CPP14,CPP14Parser.java,7811,7843,CPP14,CPP14Parser.java,11317,11353,0.916618
CPP14,CPP14Parser.java,7811,7843,CPP14,CPP14Parser.java,13119,13148,0.933998
CPP14,CPP14Parser.java,7811,7843,Java,JavaParser.java,741,775,0.921686
CPP14,CPP14Parser.java,7811,7843,Java8,Java8Parser.java,10374,10406,0.947077
CPP14,CPP14Parser.java,7811,7843,Java8,Java8Parser.java,15102,15134,0.934532
CPP14,CPP14Parser.java,7866,7898,CPP14,CPP14Parser.java,10013,10042,0.922531
CPP14,CPP14Parser.java,7866,7898,CPP14,CPP14Parser.java,11317,11353,0.915224
CPP14,CPP14Parser.java,7866,7898,CPP14,CPP14Parser.java,13119,13148,0.932577
CPP14,CPP14Parser.java,7866,7898,Java,JavaParser.java,741,775,0.920284
CPP14,CPP14Parser.java,7866,7898,Java,JavaParser.java,6116,6148,0.947060
CPP14,CPP14Parser.java,7866,7898,Java8,Java8Parser.java,10374,10406,0.945637
CPP14,CPP14Parser.java,7866,7898,Java8,Java8Parser.java,15102,15134,0.933111
CPP14,CPP14Parser.java,7921,7959,Java,JavaParser.java,4643,4677,0.924660
CPP14,CPP14Parser.java,7921,7959,Java,JavaParser.java,5677,5711,0.927119
CPP14,CPP14Parser.java,8044,8080,Java8,Java8Parser.java,10738,10770,0.925092
CPP14,CPP14Parser.java,8146,8165,CPP14,CPP14Parser.java,14115,14134,0.934132
CPP14,CPP14Parser.java,8146,8165,Java8,Java8Parser.java,10426,10445,0.922156
CPP14,CPP14Parser.java,8237,8266,CPP14,CPP14Parser.java,8975,9007,0.929469
CPP14,CPP14Parser.java,8237,8266,CPP14,CPP14Parser.java,13417,13449,0.929469
CPP14,CPP14Parser.java,8374,8420,Java,JavaParser.java,957,1003,0.932556
CPP14,CPP14Parser.java,8374,8420,Java,JavaParser.java,1390,1436,0.933403
CPP14,CPP14Parser.java,8571,8620,Java8,Java8Parser.java,2012,2063,0.966254
CPP14,CPP14Parser.java,8571,8620,Java8,Java8Parser.java,15707,15758,0.961562
CPP14,CPP14Parser.java,8571,8620,Java8,Java8Parser.java,15785,15836,0.964967
CPP14,CPP14Parser.java,8571,8620,Java8,Java8Parser.java,15863,15914,0.963260
CPP14,CPP14Parser.java,8571,8620,Java8,Java8Parser.java,15941,15992,0.967545
CPP14,CPP14Parser.java,8571,8620,Java8,Java8Parser.java,16019,16070,0.971015
CPP14,CPP14Parser.java,8571,8620,SimpleC,SimpleCParser.java,202,251,0.975170
CPP14,CPP14Parser.java,8709,8774,Java8,Java8Parser.java,7636,7698,0.905095
CPP14,CPP14Parser.java,8925,8954,Java8,Java8Parser.java,5281,5315,0.904223
CPP14,CPP14Parser.java,8925,8954,Java8,Java8Parser.java,5616,5648,0.919715
CPP14,CPP14Parser.java,8925,8954,Java8,Java8Parser.java,6717,6749,0.908067
CPP14,CPP14Parser.java,9028,9051,CPP14,CPP14Parser.java,9108,9131,0.908211
CPP14,CPP14Parser.java,9028,9051,CPP14,CPP14Parser.java,13470,13491,0.912009
CPP14,CPP14Parser.java,9028,9051,Java8,Java8Parser.java,8235,8256,0.914596
CPP14,CPP14Parser.java,9028,9051,Java8,Java8Parser.java,11256,11277,0.901091
CPP14,CPP14Parser.java,9108,9131,CPP14,CPP14Parser.java,13470,13491,0.902750
CPP14,CPP14Parser.java,9108,9131,Java8,Java8Parser.java,8235,8256,0.905311
CPP14,CPP14Parser.java,9158,9215,Java,JavaParser.java,1584,1651,0.920770
CPP14,CPP14Parser.java,9315,9366,Java,JavaParser.java,1584,1651,0.913785
CPP14,CPP14Parser.java,9315,9366,Java8,Java8Parser.java,1879,1930,0.974245
CPP14,CPP14Parser.java,9389,9418,CPP14,CPP14Parser.java,10207,10236,0.941606
CPP14,CPP14Parser.java,9447,9483,CSharp,CSharpParser.java,4441,4477,0.935497
CPP14,CPP14Parser.java,9447,9483,Java8,Java8Parser.java,3901,3933,0.906099
CPP14,CPP14Parser.java,9509,9543,CPP14,CPP14Parser.java,11650,11682,0.937574
CPP14,CPP14Parser.java,9509,9543,CPP14,CPP14Parser.java,14605,14634,0.912884
CPP14,CPP14Parser.java,9509,9543,CPP14,CPP14Parser.java,14859,14893,0.910590
CPP14,CPP14Parser.java,9821,9852,CPP14,CPP14Parser.java,10013,10042,0.925195
CPP14,CPP14Parser.java,9821,9852,CSharp,CSharpParser.java,4758,4791,0.910607
CPP14,CPP14Parser.java,9821,9852,Java8,Java8Parser.java,15102,15134,0.906640
CPP14,CPP14Parser.java,10013,10042,CPP14,CPP14Parser.java,13119,13148,0.931463
CPP14,CPP14Parser.java,10013,10042,Java,JavaParser.java,6116,6148,0.918354
CPP14,CPP14Parser.java,10013,10042,Java8,Java8Parser.java,15102,15134,0.904828
CPP14,CPP14Parser.java,10061,10089,CPP14,CPP14Parser.java,10106,10134,0.963884
CPP14,CPP14Parser.java,10106,10134,CPP14,CPP14Parser.java,10154,10184,0.916289
CPP14,CPP14Parser.java,10154,10184,Java8,Java8Parser.java,3765,3795,0.944400
CPP14,CPP14Parser.java,10207,10236,CPP14,CPP14Parser.java,13702,13734,0.933998
CPP14,CPP14Parser.java,10589,10630,Java8,Java8Parser.java,4922,4964,0.908880
CPP14,CPP14Parser.java,10771,10826,Java8,Java8Parser.java,6058,6100,0.916300
CPP14,CPP14Parser.java,10853,10904,Java8,Java8Parser.java,1879,1930,0.974245
CPP14,CPP14Parser.java,11087,11139,CSharp,CSharpParser.java,11404,11446,0.907362
CPP14,CPP14Parser.java,11255,11294,Java8,Java8Parser.java,1816,1854,0.909224
CPP14,CPP14Parser.java,11255,11294,Java8,Java8Parser.java,15530,15569,0.901547
CPP14,CPP14Parser.java,11317,11353,CPP14,CPP14Parser.java,14859,14893,0.937172
CPP14,CPP14Parser.java,11317,11353,CSharp,CSharpParser.java,7755,7795,0.909689
CPP14,CPP14Parser.java,11317,11353,CSharp,CSharpParser.java,10818,10850,0.901624
CPP14,CPP14Parser.java,11317,11353,Java8,Java8Parser.java,7718,7759,0.919120
CPP14,CPP14Parser.java,11317,11353,Java8,Java8Parser.java,10374,10406,0.909710
CPP14,CPP14Parser.java,11580,11629,CSharp,CSharpParser.java,3449,3499,0.901500
CPP14,CPP14Parser.java,11580,11629,Java8,Java8Parser.java,1477,1528,0.923034
CPP14,CPP14Parser.java,11650,11682,CPP14,CPP14Parser.java,14605,14634,0.921132
CPP14,CPP14Parser.java,11926,11945,Java8,Java8Parser.java,15060,15079,0.916683
CPP14,CPP14Parser.java,12501,12550,Java8,Java8Parser.java,2182,2233,0.972979
CPP14,CPP14Parser.java,12569,12597,CSharp,CSharpParser.java,13796,13828,0.934390
CPP14,CPP14Parser.java,12569,12597,Java,JavaParser.java,2937,2973,0.903558
CPP14,CPP14Parser.java,12569,12597,Java,JavaParser.java,5579,5615,0.905321
CPP14,CPP14Parser.java,12659,12680,CPP14,CPP14Parser.java,12987,13006,0.916110
CPP14,CPP14Parser.java,12659,12680,CPP14,CPP14Parser.java,13220,13241,0.926568
CPP14,CPP14Parser.java,12659,12680,CPP14,CPP14Parser.java,14115,14134,0.916408
CPP14,CPP14Parser.java,12659,12680,Java,JavaParser.java,4697,4716,0.902537
CPP14,CPP14Parser.java,12659,12680,Java8,Java8Parser.java,1548,1569,0.918314
CPP14,CPP14Parser.java,12659,12680,Java8,Java8Parser.java,3171,3192,0.913169
CPP14,CPP14Parser.java,12659,12680,Java8,Java8Parser.java,16751,16772,0.903134
CPP14,CPP14Parser.java,12707,12778,Java8,Java8Parser.java,16444,16513,0.965098
CPP14,CPP14Parser.java,12925,12967,Java8,Java8Parser.java,8053,8092,0.922178
CPP14,CPP14Parser.java,12987,13006,CPP14,CPP14Parser.java,13075,13096,0.918694
CPP14,CPP14Parser.java,12987,13006,CPP14,CPP14Parser.java,13220,13241,0.921301
CPP14,CPP14Parser.java,12987,13006,Java8,Java8Parser.java,1548,1569,0.918694
CPP14,CPP14Parser.java,12987,13006,Java8,Java8Parser.java,5513,5534,0.900377
CPP14,CPP14Parser.java,13075,13096,Java8,Java8Parser.java,1429,1448,0.907757
CPP14,CPP14Parser.java,13075,13096,Java8,Java8Parser.java,9083,9102,0.921757
CPP14,CPP14Parser.java,13075,13096,Java8,Java8Parser.java,16792,16813,0.905681
CPP14,CPP14Parser.java,13119,13148,CSharp,CSharpParser.java,10818,10850,0.915438
CPP14,CPP14Parser.java,13119,13148,Java,JavaParser.java,741,775,0.904223
CPP14,CPP14Parser.java,13119,13148,Java,JavaParser.java,6116,6148,0.928354
CPP14,CPP14Parser.java,13119,13148,Java8,Java8Parser.java,5668,5702,0.904223
CPP14,CPP14Parser.java,13119,13148,Java8,Java8Parser.java,10374,10406,0.926959
CPP14,CPP14Parser.java,13119,13148,Java8,Java8Parser.java,15102,15134,0.914681
CPP14,CPP14Parser.java,13220,13241,Java,JavaParser.java,4697,4716,0.907651
CPP14,CPP14Parser.java,13220,13241,Java8,Java8Parser.java,1548,1569,0.923516
CPP14,CPP14Parser.java,13220,13241,Java8,Java8Parser.java,3171,3192,0.918343
CPP14,CPP14Parser.java,13220,13241,Java8,Java8Parser.java,5513,5534,0.904684
CPP14,CPP14Parser.java,13220,13241,Java8,Java8Parser.java,5722,5741,0.921301
CPP14,CPP14Parser.java,13264,13321,CPP14,CPP14Parser.java,14323,14374,0.938255
CPP14,CPP14Parser.java,13264,13321,Java8,Java8Parser.java,5814,5860,0.907774
CPP14,CPP14Parser.java,13264,13321,Java8,Java8Parser.java,6389,6441,0.932142
CPP14,CPP14Parser.java,13470,13491,Java8,Java8Parser.java,8235,8256,0.923516
CPP14,CPP14Parser.java,13470,13491,Java8,Java8Parser.java,11256,11277,0.910653
CPP14,CPP14Parser.java,13470,13491,SimpleC,SimpleCParser.java,271,290,0.913177
CPP14,CPP14Parser.java,14115,14134,Java,JavaParser.java,5636,5657,0.903839
CPP14,CPP14Parser.java,14115,14134,Java8,Java8Parser.java,2138,2157,0.936941
CPP14,CPP14Parser.java,14115,14134,Java8,Java8Parser.java,10426,10445,0.922156
CPP14,CPP14Parser.java,14396,14428,CSharp,CSharpParser.java,7954,7990,0.931079
CPP14,CPP14Parser.java,14396,14428,CSharp,CSharpParser.java,10472,10508,0.913033
CPP14,CPP14Parser.java,14396,14428,CSharp,CSharpParser.java,11755,11787,0.913536
CPP14,CPP14Parser.java,14396,14428,Java,JavaParser.java,1026,1062,0.912788
CPP14,CPP14Parser.java,14396,14428,Java,JavaParser.java,8106,8142,0.913647
CPP14,CPP14Parser.java,14396,14428,Java8,Java8Parser.java,548,576,0.901059
CPP14,CPP14Parser.java,14396,14428,Java8,Java8Parser.java,1138,1172,0.942013
CPP14,CPP14Parser.java,14396,14428,Java8,Java8Parser.java,3074,3110,0.917108
CPP14,CPP14Parser.java,14396,14428,Java8,Java8Parser.java,10468,10504,0.918853
CPP14,CPP14Parser.java,14396,14428,Java8,Java8Parser.java,11025,11059,0.929001
CPP14,CPP14Parser.java,14396,14428,Java8,Java8Parser.java,11200,11236,0.927044
CPP14,CPP14Parser.java,14548,14582,Java,JavaParser.java,1026,1062,0.916341
CPP14,CPP14Parser.java,14807,14836,Java8,Java8Parser.java,1694,1726,0.923886
CPP14,CPP14Parser.java,15067,15105,Java8,Java8Parser.java,2714,2753,0.900598
CPP14,CPP14Parser.java,15126,15147,Java8,Java8Parser.java,4515,4534,0.906428
CPP14,CPP14Parser.java,15126,15147,Java8,Java8Parser.java,5722,5741,0.908486
CPP14,CPP14Parser.java,15126,15147,Java8,Java8Parser.java,9123,9146,0.903284
CSharp,CSharpParser.java,912,940,Java8,Java8Parser.java,548,576,0.983706
CSharp,CSharpParser.java,912,940,Java8,Java8Parser.java,1138,1172,0.912867
CSharp,CSharpParser.java,1032,1072,CSharp,CSharpParser.java,1095,1131,0.950579
CSharp,CSharpParser.java,1032,1072,CSharp,CSharpParser.java,10577,10613,0.911725
CSharp,CSharpParser.java,1032,1072,Java8,Java8Parser.java,15281,15317,0.931558
CSharp,CSharpParser.java,1095,1131,CSharp,CSharpParser.java,10577,10613,0.927680
CSharp,CSharpParser.java,1095,1131,Java8,Java8Parser.java,7888,7924,0.908055
CSharp,CSharpParser.java,1520,1556,CSharp,CSharpParser.java,1579,1611,0.914350
CSharp,CSharpParser.java,1520,1556,CSharp,CSharpParser.java,1638,1674,0.925985
CSharp,CSharpParser.java,1520,1556,CSharp,CSharpParser.java,12591,12627,0.903760
CSharp,CSharpParser.java,1638,1674,CSharp,CSharpParser.java,1760,1796,0.940884
CSharp,CSharpParser.java,1638,1674,Java8,Java8Parser.java,1138,1172,0.906508
CSharp,CSharpParser.java,1638,1674,Java8,Java8Parser.java,5225,5261,0.900544
CSharp,CSharpParser.java,1638,1674,Java8,Java8Parser.java,10468,10504,0.906722
CSharp,CSharpParser.java,1701,1737,CSharp,CSharpParser.java,3636,3672,0.929437
CSharp,CSharpParser.java,1701,1737,CSharp,CSharpParser.java,13796,13828,0.908251
CSharp,CSharpParser.java,1701,1737,Java,JavaParser.java,2937,2973,0.907516
CSharp,CSharpParser.java,1701,1737,Java,JavaParser.java,5579,5615,0.909287
CSharp,CSharpParser.java,1760,1796,CSharp,CSharpParser.java,1819,1855,0.954525
CSharp,CSharpParser.java,1760,1796,Java8,Java8Parser.java,1138,1172,0.900033
CSharp,CSharpParser.java,1878,1916,CSharp,CSharpParser.java,3814,3852,0.930066
CSharp,CSharpParser.java,1878,1916,CSharp,CSharpParser.java,7818,7856,0.930954
CSharp,CSharpParser.java,1878,1916,SimpleC,SimpleCParser.java,314,354,0.952579
CSharp,CSharpParser.java,1947,1991,CSharp,CSharpParser.java,3449,3499,0.908204
CSharp,CSharpParser.java,2134,2188,Java8,Java8Parser.java,11566,11616,0.929244
CSharp,CSharpParser.java,2211,2258,CSharp,CSharpParser.java,4102,4155,0.931329
CSharp,CSharpParser.java,3449,3499,Java,JavaParser.java,5512,5556,0.930815
CSharp,CSharpParser.java,3449,3499,Java8,Java8Parser.java,1477,1528,0.916218
CSharp,CSharpParser.java,3449,3499,Java8,Java8Parser.java,10539,10587,0.921721
CSharp,CSharpParser.java,3636,3672,CSharp,CSharpParser.java,13796,13828,0.929951
CSharp,CSharpParser.java,3636,3672,Java,JavaParser.java,2937,2973,0.929199
CSharp,CSharpParser.java,3636,3672,Java,JavaParser.java,3339,3375,0.925330
CSharp,CSharpParser.java,3636,3672,Java,JavaParser.java,5579,5615,0.931012
CSharp,CSharpParser.java,3636,3672,Java8,Java8Parser.java,11370,11404,0.907897
CSharp,CSharpParser.java,3636,3672,Java8,Java8Parser.java,14592,14624,0.910117
CSharp,CSharpParser.java,3814,3852,CSharp,CSharpParser.java,7693,7733,0.910041
CSharp,CSharpParser.java,3814,3852,CSharp,CSharpParser.java,7818,7856,0.920091
CSharp,CSharpParser.java,3814,3852,SimpleC,SimpleCParser.java,314,354,0.933956
CSharp,CSharpParser.java,3971,4077,CSharp,CSharpParser.java,5938,6041,0.913465
CSharp,CSharpParser.java,4312,4354,CSharp,CSharpParser.java,12294,12330,0.985200
CSharp,CSharpParser.java,4377,4415,CSharp,CSharpParser.java,7693,7733,0.910041
CSharp,CSharpParser.java,4377,4415,CSharp,CSharpParser.java,11034,11072,0.929493
CSharp,CSharpParser.java,4377,4415,Java,JavaParser.java,1182,1220,0.930136
CSharp,CSharpParser.java,4377,4415,Java,JavaParser.java,4913,4951,0.924222
CSharp,CSharpParser.java,4377,4415,Java8,Java8Parser.java,7420,7462,0.919105
CSharp,CSharpParser.java,4441,4477,Java8,Java8Parser.java,1694,1726,0.913889
CSharp,CSharpParser.java,7189,7227,Java,JavaParser.java,2828,2864,0.940170
CSharp,CSharpParser.java,7189,7227,Java8,Java8Parser.java,3653,3689,0.936554
CSharp,CSharpParser.java,7693,7733,CSharp,CSharpParser.java,7818,7856,0.962380
CSharp,CSharpParser.java,7693,7733,CSharp,CSharpParser.java,11034,11072,0.924798
CSharp,CSharpParser.java,7693,7733,Java,JavaParser.java,1182,1220,0.925439
CSharp,CSharpParser.java,7693,7733,Java,JavaParser.java,4913,4951,0.922251
CSharp,CSharpParser.java,7693,7733,Java8,Java8Parser.java,7420,7462,0.909871
CSharp,CSharpParser.java,7818,7856,SimpleC,SimpleCParser.java,314,354,0.938542
CSharp,CSharpParser.java,7954,7990,CSharp,CSharpParser.java,10472,10508,0.941472
CSharp,CSharpParser.java,7954,7990,CSharp,CSharpParser.java,13510,13552,0.940685
CSharp,CSharpParser.java,7954,7990,Java8,Java8Parser.java,10468,10504,0.953477
CSharp,CSharpParser.java,7954,7990,Java8,Java8Parser.java,11025,11059,0.941680
CSharp,CSharpParser.java,7954,7990,Java8,Java8Parser.java,11138,11174,0.942496
CSharp,CSharpParser.java,7954,7990,Java8,Java8Parser.java,11200,11236,0.937557
CSharp,CSharpParser.java,8180,8212,Java8,Java8Parser.java,7888,7924,0.900580
CSharp,CSharpParser.java,8281,8302,Java,JavaParser.java,5636,5657,0.947657
CSharp,CSharpParser.java,8686,8718,CSharp,CSharpParser.java,9407,9439,0.903962
CSharp,CSharpParser.java,8686,8718,Java8,Java8Parser.java,3653,3689,0.906457
CSharp,CSharpParser.java,9168,9208,CSharp,CSharpParser.java,12591,12627,0.916486
CSharp,CSharpParser.java,9168,9208,Java,JavaParser.java,1026,1062,0.935195
CSharp,CSharpParser.java,9168,9208,Java,JavaParser.java,8106,8142,0.946653
CSharp,CSharpParser.java,9168,9208,Java8,Java8Parser.java,3074,3110,0.967934
CSharp,CSharpParser.java,9168,9208,Java8,Java8Parser.java,5225,5261,0.925013
CSharp,CSharpParser.java,9168,9208,Java8,Java8Parser.java,11138,11174,0.920251
CSharp,CSharpParser.java,9168,9208,Java8,Java8Parser.java,11306,11350,0.901653
CSharp,CSharpParser.java,9348,9384,CSharp,CSharpParser.java,9407,9439,0.913907
CSharp,CSharpParser.java,9348,9384,Java8,Java8Parser.java,3653,3689,0.907091
CSharp,CSharpParser.java,10472,10508,CSharp,CSharpParser.java,12591,12627,0.934264
CSharp,CSharpParser.java,10472,10508,CSharp,CSharpParser.java,13510,13552,0.918843
CSharp,CSharpParser.java,10472,10508,Java,JavaParser.java,1026,1062,0.906032
CSharp,CSharpParser.java,10472,10508,Java,JavaParser.java,8106,8142,0.914490
CSharp,CSharpParser.java,10472,10508,Java8,Java8Parser.java,1138,1172,0.934777
CSharp,CSharpParser.java,10472,10508,Java8,Java8Parser.java,5225,5261,0.932356
CSharp,CSharpParser.java,10472,10508,Java8,Java8Parser.java,10468,10504,0.919701
CSharp,CSharpParser.java,10472,10508,Java8,Java8Parser.java,11025,11059,0.923429
CSharp,CSharpParser.java,10472,10508,Java8,Java8Parser.java,11138,11174,0.927918
CSharp,CSharpParser.java,10472,10508,Java8,Java8Parser.java,11200,11236,0.919386
CSharp,CSharpParser.java,10577,10613,Java8,Java8Parser.java,7888,7924,0.903250
CSharp,CSharpParser.java,10818,10850,CSharp,CSharpParser.java,10909,10943,0.903815
CSharp,CSharpParser.java,10818,10850,Java,JavaParser.java,741,775,0.906609
CSharp,CSharpParser.java,10818,10850,Java,JavaParser.java,6116,6148,0.930006
CSharp,CSharpParser.java,10818,10850,Java8,Java8Parser.java,15102,15134,0.916308
CSharp,CSharpParser.java,10909,10943,Java,JavaParser.java,741,775,0.925930
CSharp,CSharpParser.java,10909,10943,Java,JavaParser.java,6116,6148,0.901117
CSharp,CSharpParser.java,10909,10943,Java8,Java8Parser.java,5668,5702,0.953708
CSharp,CSharpParser.java,11034,11072,Java,JavaParser.java,1182,1220,0.946713
CSharp,CSharpParser.java,11034,11072,Java,JavaParser.java,4913,4951,0.940693
CSharp,CSharpParser.java,11034,11072,Java8,Java8Parser.java,7420,7462,0.935485
CSharp,CSharpParser.java,11227,11261,Java,JavaParser.java,1026,1062,0.917356
CSharp,CSharpParser.java,11227,11261,Java8,Java8Parser.java,5225,5261,0.938200
CSharp,CSharpParser.java,11612,11646,Java,JavaParser.java,741,775,0.925930
CSharp,CSharpParser.java,11755,11787,Java8,Java8Parser.java,1138,1172,0.914356
CSharp,CSharpParser.java,12068,12106,Java8,Java8Parser.java,1365,1409,0.902769
CSharp,CSharpParser.java,12248,12269,Java8,Java8Parser.java,1017,1036,0.910757
CSharp,CSharpParser.java,12248,12269,Java8,Java8Parser.java,1589,1612,0.900773
CSharp,CSharpParser.java,12248,12269,Java8,Java8Parser.java,6016,6035,0.901870
CSharp,CSharpParser.java,12248,12269,Java8,Java8Parser.java,6949,6970,0.916330
CSharp,CSharpParser.java,12518,12574,Java8,Java8Parser.java,1269,1338,0.913298
CSharp,CSharpParser.java,12518,12574,Java8,Java8Parser.java,2844,2912,0.939899
CSharp,CSharpParser.java,12591,12627,CSharp,CSharpParser.java,13510,13552,0.935076
CSharp,CSharpParser.java,12591,12627,Java,JavaParser.java,889,929,0.936803
CSharp,CSharpParser.java,12591,12627,Java,JavaParser.java,1026,1062,0.916898
CSharp,CSharpParser.java,12591,12627,Java,JavaParser.java,8106,8142,0.925425
CSharp,CSharpParser.java,12591,12627,Java8,Java8Parser.java,1138,1172,0.946080
CSharp,CSharpParser.java,12591,12627,Java8,Java8Parser.java,3074,3110,0.928930
CSharp,CSharpParser.java,12591,12627,Java8,Java8Parser.java,5225,5261,0.935839
CSharp,CSharpParser.java,12591,12627,Java8,Java8Parser.java,10468,10504,0.930698
CSharp,CSharpParser.java,12591,12627,Java8,Java8Parser.java,11025,11059,0.930601
CSharp,CSharpParser.java,12591,12627,Java8,Java8Parser.java,11138,11174,0.935125
CSharp,CSharpParser.java,12591,12627,Java8,Java8Parser.java,11200,11236,0.930395
CSharp,CSharpParser.java,12736,12776,Java8,Java8Parser.java,1365,1409,0.931589
CSharp,CSharpParser.java,13263,13357,Java8,Java8Parser.java,2844,2912,0.922906
CSharp,CSharpParser.java,13510,13552,Java,JavaParser.java,1026,1062,0.909294
CSharp,CSharpParser.java,13510,13552,Java,JavaParser.java,8106,8142,0.910150
CSharp,CSharpParser.java,13510,13552,Java8,Java8Parser.java,3074,3110,0.913597
CSharp,CSharpParser.java,13510,13552,Java8,Java8Parser.java,5225,5261,0.933006
CSharp,CSharpParser.java,13510,13552,Java8,Java8Parser.java,10468,10504,0.922529
CSharp,CSharpParser.java,13510,13552,Java8,Java8Parser.java,11138,11174,0.928232
CSharp,CSharpParser.java,13510,13552,Java8,Java8Parser.java,11200,11236,0.922453
CSharp,CSharpParser.java,13510,13552,Java8,Java8Parser.java,11306,11350,0.932601
CSharp,CSharpParser.java,13796,13828,Java,JavaParser.java,2937,2973,0.940878
CSharp,CSharpParser.java,13796,13828,Java,JavaParser.java,3339,3375,0.929201
CSharp,CSharpParser.java,13796,13828,Java,JavaParser.java,5579,5615,0.946831
CSharp,CSharpParser.java,13796,13828,Java8,Java8Parser.java,11370,11404,0.909104
CSharp,CSharpParser.java,13796,13828,Java8,Java8Parser.java,14592,14624,0.914512
CSharp,CSharpParser.java,15579,15639,CSharp,CSharpParser.java,15794,15858,0.943590
CSharp,CSharpPreprocessorParser.java,550,578,Java8,Java8Parser.java,548,576,0.917447
Java,JavaParser.java,301,339,Java,JavaParser.java,2412,2452,0.954243
Java,JavaParser.java,361,407,Java,JavaParser.java,2412,2452,0.942818
Java,JavaParser.java,644,720,Java8,Java8Parser.java,3554,3630,0.978125
Java,JavaParser.java,741,775,Java,JavaParser.java,6116,6148,0.922224
Java,JavaParser.java,741,775,Java8,Java8Parser.java,5668,5702,0.941176
Java,JavaParser.java,741,775,Java8,Java8Parser.java,10374,10406,0.920839
Java,JavaParser.java,741,775,Java8,Java8Parser.java,15102,15134,0.902624
Java,JavaParser.java,808,866,Java,JavaParser.java,7369,7425,0.961215
Java,JavaParser.java,808,866,Java8,Java8Parser.java,1477,1528,0.936914
Java,JavaParser.java,889,929,Java,JavaParser.java,1026,1062,0.952326
Java,JavaParser.java,889,929,Java,JavaParser.java,5512,5556,0.941226
Java,JavaParser.java,889,929,Java,JavaParser.java,8106,8142,0.960431
Java,JavaParser.java,889,929,Java8,Java8Parser.java,3074,3110,0.964069
Java,JavaParser.java,889,929,Java8,Java8Parser.java,5225,5261,0.940217
Java,JavaParser.java,889,929,Java8,Java8Parser.java,11138,11174,0.935406
Java,JavaParser.java,889,929,Java8,Java8Parser.java,11200,11236,0.951412
Java,JavaParser.java,889,929,Java8,Java8Parser.java,11306,11350,0.928247
Java,JavaParser.java,889,929,Java8,Java8Parser.java,14336,14372,0.942366
Java,JavaParser.java,957,1003,Java,JavaParser.java,1390,1436,0.953467
Java,JavaParser.java,1026,1062,Java,JavaParser.java,8106,8142,0.972719
Java,JavaParser.java,1026,1062,Java8,Java8Parser.java,548,576,0.905517
Java,JavaParser.java,1026,1062,Java8,Java8Parser.java,1138,1172,0.956824
Java,JavaParser.java,1026,1062,Java8,Java8Parser.java,3074,3110,0.953741
Java,JavaParser.java,1026,1062,Java8,Java8Parser.java,5225,5261,0.937429
Java,JavaParser.java,1026,1062,Java8,Java8Parser.java,10468,10504,0.910143
Java,JavaParser.java,1026,1062,Java8,Java8Parser.java,11025,11059,0.921643
Java,JavaParser.java,1026,1062,Java8,Java8Parser.java,11138,11174,0.932879
Java,JavaParser.java,1026,1062,Java8,Java8Parser.java,11200,11236,0.963016
Java,JavaParser.java,1182,1220,Java,JavaParser.java,4913,4951,0.946866
Java,JavaParser.java,1182,1220,Java8,Java8Parser.java,7420,7462,0.941429
Java,JavaParser.java,1250,1304,Java8,Java8Parser.java,7275,7311,0.908237
Java,JavaParser.java,1250,1304,Java8,Java8Parser.java,10622,10670,0.900439
Java,JavaParser.java,1584,1651,Java,JavaParser.java,8168,8240,0.940739
Java,JavaParser.java,2155,2178,Java8,Java8Parser.java,1017,1036,0.909060
Java,JavaParser.java,2155,2178,Java8,Java8Parser.java,1589,1612,0.921593
Java,JavaParser.java,2155,2178,Java8,Java8Parser.java,6016,6035,0.906238
Java,JavaParser.java,2155,2178,Java8,Java8Parser.java,6949,6970,0.902393
Java,JavaParser.java,2155,2178,Java8,Java8Parser.java,10842,10865,0.903073
Java,JavaParser.java,2204,2281,Java,JavaParser.java,4361,4435,0.978621
Java,JavaParser.java,2412,2452,Java8,Java8Parser.java,3215,3251,0.942298
Java,JavaParser.java,2784,2805,Java8,Java8Parser.java,1017,1036,0.902147
Java,JavaParser.java,2828,2864,Java8,Java8Parser.java,3653,3689,0.977032
Java,JavaParser.java,2937,2973,Java,JavaParser.java,3339,3375,0.928026
Java,JavaParser.java,2937,2973,Java,JavaParser.java,5579,5615,0.945421
Java,JavaParser.java,2937,2973,Java8,Java8Parser.java,11370,11404,0.930827
Java,JavaParser.java,3339,3375,Java,JavaParser.java,5579,5615,0.960639
Java,JavaParser.java,3339,3375,Java8,Java8Parser.java,11370,11404,0.910371
Java,JavaParser.java,3339,3375,Java8,Java8Parser.java,14592,14624,0.901441
Java,JavaParser.java,3613,3653,Java,JavaParser.java,3674,3712,0.955819
Java,JavaParser.java,3927,3977,Java8,Java8Parser.java,5445,5493,0.929101
Java,JavaParser.java,4000,4036,Java,JavaParser.java,8316,8356,0.917976
Java,JavaParser.java,4000,4036,Java8,Java8Parser.java,7947,7983,0.978616
Java,JavaParser.java,4643,4677,Java,JavaParser.java,5677,5711,0.942270
Java,JavaParser.java,4697,4716,Java8,Java8Parser.java,1548,1569,0.905083
Java,JavaParser.java,4697,4716,Java8,Java8Parser.java,3171,3192,0.900013
Java,JavaParser.java,4697,4716,Java8,Java8Parser.java,5722,5741,0.919505
Java,JavaParser.java,4737,4758,Java8,Java8Parser.java,8004,8027,0.922437
Java,JavaParser.java,4737,4758,Java8,Java8Parser.java,8235,8256,0.900896
Java,JavaParser.java,4913,4951,Java8,Java8Parser.java,7420,7462,0.948742
Java,JavaParser.java,5512,5556,Java8,Java8Parser.java,10539,10587,0.948289
Java,JavaParser.java,5512,5556,Java8,Java8Parser.java,11306,11350,0.934516
Java,JavaParser.java,5579,5615,Java8,Java8Parser.java,11370,11404,0.923611
Java,JavaParser.java,5579,5615,Java8,Java8Parser.java,14592,14624,0.923906
Java,JavaParser.java,5636,5657,Java8,Java8Parser.java,2138,2157,0.906557
Java,JavaParser.java,5804,5844,Java,JavaParser.java,8316,8356,0.942427
Java,JavaParser.java,6116,6148,Java,JavaParser.java,7952,7986,0.915497
Java,JavaParser.java,6116,6148,Java8,Java8Parser.java,5668,5702,0.916117
Java,JavaParser.java,6116,6148,Java8,Java8Parser.java,15102,15134,0.943724
Java,JavaParser.java,6180,6222,Java8,Java8Parser.java,8177,8215,0.938832
Java,JavaParser.java,6288,6324,Java8,Java8Parser.java,15002,15040,0.957627
Java,JavaParser.java,7369,7425,Java8,Java8Parser.java,1477,1528,0.961861
Java,JavaParser.java,7548,7626,Java,JavaParser.java,8168,8240,0.930877
Java,JavaParser.java,7952,7986,Java8,Java8Parser.java,602,641,0.934050
Java,JavaParser.java,7952,7986,Java8,Java8Parser.java,4019,4058,0.908483
Java,JavaParser.java,7952,7986,Java8,Java8Parser.java,15102,15134,0.902013
Java,JavaParser.java,8006,8040,Java8,Java8Parser.java,602,641,0.913196
Java,JavaParser.java,8006,8040,Java8,Java8Parser.java,3901,3933,0.901854
Java,JavaParser.java,8106,8142,Java8,Java8Parser.java,548,576,0.906369
Java,JavaParser.java,8106,8142,Java8,Java8Parser.java,1138,1172,0.957724
Java,JavaParser.java,8106,8142,Java8,Java8Parser.java,3074,3110,0.969761
Java,JavaParser.java,8106,8142,Java8,Java8Parser.java,5225,5261,0.938311
Java,JavaParser.java,8106,8142,Java8,Java8Parser.java,10468,10504,0.926151
Java,JavaParser.java,8106,8142,Java8,Java8Parser.java,11025,11059,0.922510
Java,JavaParser.java,8106,8142,Java8,Java8Parser.java,11138,11174,0.933757
Java,JavaParser.java,8106,8142,Java8,Java8Parser.java,11200,11236,0.963922
Java,JavaParser.java,8106,8142,Java8,Java8Parser.java,14336,14372,0.946188
Java,JavaParser.java,8168,8240,Java8,Java8Parser.java,1269,1338,0.926169
Java,JavaParser.java,8316,8356,Java8,Java8Parser.java,7947,7983,0.908613
Java8,Java8Parser.java,363,424,Java8,Java8Parser.java,5353,5418,0.974068
Java8,Java8Parser.java,548,576,Java8,Java8Parser.java,1138,1172,0.932712
Java8,Java8Parser.java,548,576,Java8,Java8Parser.java,3074,3110,0.901643
Java8,Java8Parser.java,548,576,Java8,Java8Parser.java,5225,5261,0.910886
Java8,Java8Parser.java,548,576,Java8,Java8Parser.java,11025,11059,0.913234
Java8,Java8Parser.java,548,576,Java8,Java8Parser.java,11138,11174,0.907060
Java8,Java8Parser.java,548,576,Java8,Java8Parser.java,14336,14372,0.906198
Java8,Java8Parser.java,602,641,Java8,Java8Parser.java,4019,4058,0.959304
Java8,Java8Parser.java,602,641,Java8,Java8Parser.java,7718,7759,0.911953
Java8,Java8Parser.java,676,738,Java8,Java8Parser.java,4093,4155,0.961775
Java8,Java8Parser.java,880,926,Java8,Java8Parser.java,953,997,0.974044
Java8,Java8Parser.java,1017,1036,Java8,Java8Parser.java,1589,1612,0.913847
Java8,Java8Parser.java,1017,1036,Java8,Java8Parser.java,2138,2157,0.914047
Java8,Java8Parser.java,1017,1036,Java8,Java8Parser.java,6016,6035,0.938420
Java8,Java8Parser.java,1017,1036,Java8,Java8Parser.java,6618,6637,0.905898
Java8,Java8Parser.java,1017,1036,Java8,Java8Parser.java,6949,6970,0.918293
Java8,Java8Parser.java,1138,1172,Java8,Java8Parser.java,3074,3110,0.953374
Java8,Java8Parser.java,1138,1172,Java8,Java8Parser.java,5225,5261,0.970511
Java8,Java8Parser.java,1138,1172,Java8,Java8Parser.java,10468,10504,0.939202
Java8,Java8Parser.java,1138,1172,Java8,Java8Parser.java,11025,11059,0.954769
Java8,Java8Parser.java,1138,1172,Java8,Java8Parser.java,11138,11174,0.965915
Java8,Java8Parser.java,1138,1172,Java8,Java8Parser.java,11200,11236,0.962860
Java8,Java8Parser.java,1429,1448,Java8,Java8Parser.java,1548,1569,0.919321
Java8,Java8Parser.java,1429,1448,Java8,Java8Parser.java,3028,3051,0.913800
Java8,Java8Parser.java,1429,1448,Java8,Java8Parser.java,4400,4419,0.917361
Java8,Java8Parser.java,1477,1528,Java8,Java8Parser.java,10539,10587,0.913868
Java8,Java8Parser.java,1477,1528,Java8,Java8Parser.java,10944,11002,0.918923
Java8,Java8Parser.java,1548,1569,Java8,Java8Parser.java,3171,3192,0.926981
Java8,Java8Parser.java,1548,1569,Java8,Java8Parser.java,5513,5534,0.907592
Java8,Java8Parser.java,1589,1612,Java8,Java8Parser.java,6016,6035,0.911108
Java8,Java8Parser.java,1589,1612,Java8,Java8Parser.java,6949,6970,0.906766
Java8,Java8Parser.java,1694,1726,Java8,Java8Parser.java,1816,1854,0.917946
Java8,Java8Parser.java,1752,1796,Java8,Java8Parser.java,5445,5493,0.960142
Java8,Java8Parser.java,1951,1987,Java8,Java8Parser.java,5616,5648,0.928670
Java8,Java8Parser.java,2012,2063,Java8,Java8Parser.java,15707,15758,0.962843
Java8,Java8Parser.java,2012,2063,Java8,Java8Parser.java,15785,15836,0.960924
Java8,Java8Parser.java,2012,2063,Java8,Java8Parser.java,15863,15914,0.966317
Java8,Java8Parser.java,2012,2063,Java8,Java8Parser.java,15941,15992,0.967053
Java8,Java8Parser.java,2012,2063,Java8,Java8Parser.java,16019,16070,0.963372
Java8,Java8Parser.java,2012,2063,SimpleC,SimpleCParser.java,202,251,0.965253
Java8,Java8Parser.java,2138,2157,Java8,Java8Parser.java,6016,6035,0.952448
Java8,Java8Parser.java,2138,2157,Java8,Java8Parser.java,6618,6637,0.919440
Java8,Java8Parser.java,2138,2157,Java8,Java8Parser.java,6949,6970,0.909007
Java8,Java8Parser.java,2565,2592,Java8,Java8Parser.java,2613,2642,0.919854
Java8,Java8Parser.java,2776,2808,Java8,Java8Parser.java,6717,6749,0.952382
Java8,Java8Parser.java,3074,3110,Java8,Java8Parser.java,5225,5261,0.952990
Java8,Java8Parser.java,3074,3110,Java8,Java8Parser.java,10468,10504,0.929659
Java8,Java8Parser.java,3074,3110,Java8,Java8Parser.java,11025,11059,0.926005
Java8,Java8Parser.java,3074,3110,Java8,Java8Parser.java,11138,11174,0.948300
Java8,Java8Parser.java,3074,3110,Java8,Java8Parser.java,11200,11236,0.952306
Java8,Java8Parser.java,3171,3192,Java8,Java8Parser.java,5722,5741,0.913548
Java8,Java8Parser.java,3215,3251,Java8,Java8Parser.java,7888,7924,0.918903
Java8,Java8Parser.java,3818,3878,Java8,Java8Parser.java,15340,15400,0.987272
Java8,Java8Parser.java,4515,4534,Java8,Java8Parser.java,5722,5741,0.919505
Java8,Java8Parser.java,5225,5261,Java8,Java8Parser.java,10468,10504,0.932512
Java8,Java8Parser.java,5225,5261,Java8,Java8Parser.java,11025,11059,0.946965
Java8,Java8Parser.java,5225,5261,Java8,Java8Parser.java,11138,11174,0.980343
Java8,Java8Parser.java,5225,5261,Java8,Java8Parser.java,11200,11236,0.949138
Java8,Java8Parser.java,5225,5261,Java8,Java8Parser.java,11306,11350,0.936261
Java8,Java8Parser.java,5281,5315,Java8,Java8Parser.java,8053,8092,0.906373
Java8,Java8Parser.java,5513,5534,Java8,Java8Parser.java,5722,5741,0.900377
Java8,Java8Parser.java,5616,5648,Java8,Java8Parser.java,6717,6749,0.923742
Java8,Java8Parser.java,5668,5702,Java8,Java8Parser.java,15102,15134,0.902624
Java8,Java8Parser.java,5761,5782,Java8,Java8Parser.java,6016,6035,0.903226
Java8,Java8Parser.java,5761,5782,Java8,Java8Parser.java,6618,6637,0.900161
Java8,Java8Parser.java,5761,5782,Java8,Java8Parser.java,6949,6970,0.900566
Java8,Java8Parser.java,5761,5782,Java8,Java8Parser.java,15060,15079,0.900161
Java8,Java8Parser.java,5954,5998,Java8,Java8Parser.java,6318,6366,0.952486
Java8,Java8Parser.java,6016,6035,Java8,Java8Parser.java,6618,6637,0.908559
Java8,Java8Parser.java,6016,6035,Java8,Java8Parser.java,6949,6970,0.909620
Java8,Java8Parser.java,6016,6035,Java8,Java8Parser.java,15060,15079,0.908559
Java8,Java8Parser.java,6464,6502,Java8,Java8Parser.java,8177,8215,0.942779
Java8,Java8Parser.java,6618,6637,Java8,Java8Parser.java,15060,15079,0.934911
Java8,Java8Parser.java,8235,8256,Java8,Java8Parser.java,11256,11277,0.913237
Java8,Java8Parser.java,8235,8256,Java8,Java8Parser.java,16751,16772,0.908251
Java8,Java8Parser.java,8235,8256,SimpleC,SimpleCParser.java,271,290,0.915767
Java8,Java8Parser.java,8391,8429,Java8,Java8Parser.java,14940,14976,0.945069
Java8,Java8Parser.java,9083,9102,Java8,Java8Parser.java,16792,16813,0.906520
Java8,Java8Parser.java,9766,9800,Java8,Java8Parser.java,10688,10720,0.912874
Java8,Java8Parser.java,9766,9800,Java8,Java8Parser.java,10738,10770,0.912874
Java8,Java8Parser.java,9932,9959,Java8,Java8Parser.java,9982,10009,0.926110
Java8,Java8Parser.java,10374,10406,Java8,Java8Parser.java,15102,15134,0.942306
Java8,Java8Parser.java,10468,10504,Java8,Java8Parser.java,11025,11059,0.927767
Java8,Java8Parser.java,10468,10504,Java8,Java8Parser.java,11138,11174,0.928052
Java8,Java8Parser.java,10468,10504,Java8,Java8Parser.java,11200,11236,0.923525
Java8,Java8Parser.java,10688,10720,Java8,Java8Parser.java,10738,10770,0.961111
Java8,Java8Parser.java,11025,11059,Java8,Java8Parser.java,11138,11174,0.959594
Java8,Java8Parser.java,11025,11059,Java8,Java8Parser.java,11200,11236,0.947107
Java8,Java8Parser.java,11138,11174,Java8,Java8Parser.java,11200,11236,0.953745
Java8,Java8Parser.java,11138,11174,Java8,Java8Parser.java,11306,11350,0.936297
Java8,Java8Parser.java,11256,11277,SimpleC,SimpleCParser.java,271,290,0.903839
Java8,Java8Parser.java,11370,11404,Java8,Java8Parser.java,14592,14624,0.916782
Java8,Java8Parser.java,15707,15758,Java8,Java8Parser.java,15785,15836,0.988959
Java8,Java8Parser.java,15707,15758,Java8,Java8Parser.java,15863,15914,0.981034
Java8,Java8Parser.java,15707,15758,Java8,Java8Parser.java,15941,15992,0.982739
Java8,Java8Parser.java,15707,15758,Java8,Java8Parser.java,16019,16070,0.979149
Java8,Java8Parser.java,15707,15758,SimpleC,SimpleCParser.java,202,251,0.960566
Java8,Java8Parser.java,15785,15836,Java8,Java8Parser.java,15863,15914,0.980081
Java8,Java8Parser.java,15785,15836,Java8,Java8Parser.java,15941,15992,0.983552
Java8,Java8Parser.java,15785,15836,Java8,Java8Parser.java,16019,16070,0.987971
Java8,Java8Parser.java,15785,15836,SimpleC,SimpleCParser.java,202,251,0.963968
Java8,Java8Parser.java,15863,15914,Java8,Java8Parser.java,15941,15992,0.988026
Java8,Java8Parser.java,15863,15914,Java8,Java8Parser.java,16019,16070,0.977314
Java8,Java8Parser.java,15941,15992,Java8,Java8Parser.java,16019,16070,0.985241
icvolti,Outputter.java,176,180,icvolti,Outputter.java,189,193,0.931034
